{"cameraMode":{"drawMode":0,"name":"Shaded","section":"Shading Mode"},"sceneLighting":true,"audioPlay":false,"sceneViewState":{"m_AlwaysRefresh":false,"showFog":true,"showSkybox":true,"showFlares":true,"showImageEffects":true,"showParticleSystems":true,"showVisualEffectGraphs":true,"m_FxEnabled":true},"in2DMode":false,"pivot":{"x":-27.369138717651368,"y":-16.14272689819336,"z":7.689506530761719},"rotation":{"x":0.28951752185821535,"y":-0.44013863801956179,"z":0.15238909423351289,"w":0.8362076282501221},"size":22.152822494506837,"orthographic":false}